Voltage (V),Current (mA),Resistance (kOhm)
1.2,0.012,100
2.3,0.024,95.83333333
6.1,0.062,98.38709677
11.4,0.116,98.27586207
14.5,0.148,97.97297297
21.1,0.215,98.13953488
26.1,0.266,98.12030075